{
  "name": "aem",
  "description": "Installs/Configures Adobe AEM",
  "long_description": "# aem-cookbook\n\nThis cookbook installs and configures [Adobe Experience Manager (AEM)](http://www.adobe.com/solutions/web-experience-management.html). (NOTE: CQ versions 5.4 and 5.5 should work as well -- CQ was renamed to AEM as of version 5.6). Included are recipes to install an author or publish instance as well as the dispatcher module for Apache HTTP server.\n\n## Supported Platforms\n\n* CentOS\n\n## Supported Versions\n\n* AEM 6.0.0\n* AEM 5.6.1\n* AEM 5.6.0\n* CQ 5.5.0\n\n## Featured Functionality\n\n* Unattended installation of aem author, publish, and dispatcher nodes.\n* Automatically search for and configure aem cluster members (dispatcher, author, publish) using chef searches.\n* Configure replication agents using the replicator provider.\n* Configure dispatcher farms with the farm provider.\n* Deploy and remove aem packages with the package provider (recommended for development purposes only).\n\n## Attributes\n\n<table>\n  <tr>\n    <th>Key</th>\n    <th>Type</th>\n    <th>Description</th>\n    <th>Default</th>\n  </tr>\n  <tr>\n    <td><tt>['aem']['version']</tt></td>\n    <td>String</td>\n    <td>AEM version</td>\n    <td><tt>nil</tt></td>\n  </tr>\n  <tr>\n    <td><tt>['aem']['download_url']</tt></td>\n    <td>String</td>\n    <td>URL to AEM jar file</td>\n    <td><tt>nil</tt></td>\n  </tr>\n  <tr>\n    <td><tt>['aem']['license_url']</tt></td>\n    <td>String</td>\n    <td>URL to AEM license file</td>\n    <td><tt>nil</tt></td>\n  </tr>\n  <tr>\n    <td><tt>['aem']['dispatcher']['mod_dispatcher_url']</tt></td>\n    <td>String</td>\n    <td>URL to AEM dispatcher (.tar.gz or .so)</td>\n    <td><tt>nil</tt></td>\n  </tr>\n  <tr>\n    <td><tt>['aem']['dispatcher']['version']</tt></td>\n    <td>String</td>\n    <td>dispatcher module version</td>\n    <td><tt>nil</tt></td>\n  </tr>\n</table>\n\n## Usage\n\n### aem::author\n\nInclude `aem::author` in your node's `run_list`:\n\n```json\n{\n  \"run_list\": [\n    \"recipe[aem::author]\"\n  ]\n}\n```\n\n### aem::publish\n\nInclude `aem::publish` in your node's `run_list`:\n\n```json\n{\n  \"run_list\": [\n    \"recipe[aem::publish]\"\n  ]\n}\n```\n\n### aem::dispatcher\n\nInclude `aem::dispatcher` in your node's `run_list`:\n\n```json\n{\n  \"run_list\": [\n    \"recipe[aem::dispatcher]\"\n  ]\n}\n```\n\n## Contributing\n\n1. Fork the repository on Github\n2. Create a named feature branch (i.e. `add-new-recipe`)\n3. Write your change\n4. Write tests for your change (if applicable)\n5. Run the tests, ensuring they all pass\n6. Submit a Pull Request\n\n## License and Authors\n\n- Author:: Bryce Lynn (<bryce@tacitknowledge.com>)\n- Author:: Alex Dunn (<adunn@tacitknowledge.com>)\n- Author:: Paul Dunnavant (<pdunnavant@tacitknowledge.com>)\n\n```text\nCopyright 2012-2014, Tacit Knowledge, Inc.\n\nLicensed under the Apache License, Version 2.0 (the \"License\");\nyou may not use this file except in compliance with the License.\nYou may obtain a copy of the License at\n\n    http://www.apache.org/licenses/LICENSE-2.0\n\nUnless required by applicable law or agreed to in writing, software\ndistributed under the License is distributed on an \"AS IS\" BASIS,\nWITHOUT WARRANTIES OR CONDITIONS OF ANY KIND, either express or implied.\nSee the License for the specific language governing permissions and\nlimitations under the License.\n```\n",
  "maintainer": "Tacit Knowledge, Inc.",
  "maintainer_email": "aem-cookbook-dev@googlegroups.com",
  "license": "Apache 2.0",
  "platforms": {
    "centos": ">= 0.0.0"
  },
  "dependencies": {
    "apache2": ">= 0.0.0",
    "ark": "~> 0.8.2",
    "iptables": ">= 0.0.0",
    "java": ">= 0.0.0"
  },
  "recommendations": {

  },
  "suggestions": {

  },
  "conflicting": {

  },
  "providing": {

  },
  "replacing": {

  },
  "attributes": {

  },
  "groupings": {

  },
  "recipes": {
    "aem::author": "Installs AEM Author instance.",
    "aem::publish": "Installs AEM Publish instance.",
    "aem::dispatcher": "Installs AEM dispatcher Apache module."
  },
  "version": "2.2.0",
  "source_url": "",
  "issues_url": ""
}
